round,client_id,gbound,round_time,samples
1,75,0.5411460399627686,6.305482295900584,153
1,47,4.678861141204834,6.3197611883282665,161
1,29,4.007147312164307,6.383355831354857,164
1,15,0.47883862257003784,6.413328589498997,144
1,77,3.775972843170166,6.44521350748837,162
2,58,7.3491129875183105,0.6861423958092928,130
2,80,2.7993226051330566,0.7396786190569401,154
2,18,3.775972843170166,0.7230227697640658,140
2,69,7.4532060623168945,0.8025742448866368,161
2,83,4.678861141204834,0.8402117617428303,160
3,84,2.7993226051330566,0.6990613449364901,127
3,63,7.4532060623168945,0.6986213602125645,154
3,20,3.775972843170166,0.7106808234006167,144
3,70,6.096298694610596,0.7666114378720522,162
3,50,7.3491129875183105,0.7836429994553328,157
4,53,7.4532060623168945,0.7555268123745918,155
4,44,7.3491129875183105,0.7878546766936779,166
4,40,2.7993226051330566,0.7860550876706839,155
4,38,6.426039695739746,0.8025355819612742,162
4,1,3.775972843170166,0.9737314429134131,221
5,64,7.4532060623168945,0.7448053635656834,140
5,53,2.7993226051330566,0.7500610738992691,155
5,18,6.426039695739746,0.7368222583085299,140
5,91,7.3491129875183105,0.79341389387846,162
5,26,4.150967121124268,0.8754792377352715,164
6,80,2.9727299213409424,0.7633558191359043,154
6,72,7.4532060623168945,0.7587341215461493,158
6,21,7.3491129875183105,0.8158597756177187,151
6,25,9.155194282531738,0.848143033310771,162
6,1,6.426039695739746,0.9377111602574587,221
7,64,7.3491129875183105,0.7302135989069939,140
7,75,3.4031150341033936,0.7517443723976612,153
7,17,6.426039695739746,0.7478582203388214,160
7,88,9.48044204711914,0.7852581959217787,162
7,60,7.4532060623168945,0.8583056960254908,162
8,84,3.832407236099243,0.6591618541628123,127
8,20,9.48044204711914,0.7536701947450638,144
8,43,7.4532060623168945,0.8015475995838642,160
8,27,10.055545806884766,0.7842878378927708,162
8,75,6.426039695739746,0.8128073267638684,153
9,79,9.48044204711914,0.715094331279397,141
9,83,7.4532060623168945,0.7302986659109593,160
9,38,10.09079647064209,0.7801686186343432,162
9,3,6.426039695739746,0.7846609070897103,165
9,61,3.832407236099243,0.8080418292433024,153
10,64,3.832407236099243,0.688844058290124,140
10,26,6.717184543609619,0.7693687170743942,164
10,27,9.48044204711914,0.7718788586556912,162
10,95,7.4532060623168945,0.8182675555348397,158
10,29,10.09079647064209,0.9266310125589371,164
11,53,6.717184543609619,0.6987332567572594,155
11,40,10.09079647064209,0.7380077201873064,155
11,7,7.4532060623168945,0.825885733217001,159
11,1,9.48044204711914,0.9612966679036618,221
11,67,17.48110008239746,1.0254293546080588,226
12,84,7.4532060623168945,0.626038021966815,127
12,20,6.717184543609619,0.7365023769438267,144
12,9,17.48110008239746,0.7301836047321558,145
12,22,9.48044204711914,0.8941767230629921,161
12,89,10.09079647064209,1.037139143422246,246
13,15,17.48110008239746,0.72401910610497,144
13,99,9.48044204711914,0.7397623300552368,160
13,2,6.717184543609619,0.7561924044042826,153
13,21,7.4532060623168945,0.7960125241428614,151
13,85,10.09079647064209,0.8702009074389935,155
14,28,6.717184543609619,0.7663785364478827,153
14,76,17.48110008239746,0.8705096669495106,163
14,36,18.246084213256836,0.8969640225172043,162
14,23,7.4532060623168945,0.9191117003560066,198
14,23,9.48044204711914,0.9546964723616839,198
15,2,7.4532060623168945,0.7804483860731125,153
15,51,18.246084213256836,0.7748761638998986,135
15,38,13.559107780456543,0.7505600560456515,162
15,76,17.48110008239746,0.776240361481905,163
15,80,6.717184543609619,0.8165431261062622,154
16,84,17.48110008239746,0.6161004561930895,127
16,50,6.717184543609619,0.6970055658370257,157
16,28,7.4532060623168945,0.7523136116564274,153
16,8,18.246084213256836,0.7733353111892939,141
16,22,16.665082931518555,0.8372126217931509,161
17,97,7.4532060623168945,0.7648957628756762,158
17,95,6.717184543609619,0.7452968113124371,158
17,37,17.48110008239746,0.7812630642205477,164
17,63,16.665082931518555,0.7891868684440851,154
17,76,18.246084213256836,0.8434213191270828,163
18,59,7.4532060623168945,0.7619835209101439,159
18,94,6.717184543609619,0.73243552967906,159
18,79,18.246084213256836,0.7652314525097609,141
18,98,16.665082931518555,0.8079737942665816,160
18,65,17.48110008239746,0.8278144426643849,162
19,81,6.717184543609619,0.7035081680864096,153
19,10,17.48110008239746,0.775015813857317,149
19,72,7.4532060623168945,0.7752211201936007,158
19,44,16.665082931518555,0.7910893686115742,166
19,28,18.246084213256836,0.792855366691947,153
20,19,7.4532060623168945,0.7680478688329458,144
20,92,17.48110008239746,0.788810271397233,163
20,95,8.36484146118164,0.8373097214847803,158
20,39,18.246084213256836,0.8205709416419268,165
20,28,16.665082931518555,0.8383516032248736,153
21,46,16.665082931518555,0.6872813194990158,134
21,19,17.48110008239746,0.7164434712380171,144
21,31,8.585487365722656,0.7353526014834643,148
21,52,13.583070755004883,0.7818367533385754,162
21,77,18.246084213256836,0.8444314353168011,162
22,58,28.838665008544922,0.7176326490938664,130
22,20,13.583070755004883,0.694182924553752,144
22,50,17.48110008239746,0.7336084671318531,157
22,29,13.539377212524414,0.7547140620648861,164
22,14,18.246084213256836,0.8076742362231016,154
23,59,13.539377212524414,0.785309437289834,159
23,25,28.838665008544922,0.8136642757803202,162
23,36,21.396556854248047,0.8810509625822306,162
23,68,19.8566951751709,0.8606392476707697,162
23,45,18.246084213256836,0.9266054291278124,192
24,28,21.396556854248047,0.7347552958875895,153
24,5,13.539377212524414,0.7322254400700331,162
24,50,28.838665008544922,0.7666659984737635,157
24,66,19.8566951751709,0.7495548330247402,162
24,43,18.246084213256836,0.7890171423554421,160
25,84,28.838665008544922,0.6682104837149382,127
25,66,13.539377212524414,0.714864693209529,162
25,44,18.246084213256836,0.7836983516812325,166
25,2,21.396556854248047,0.8084032233804465,153
25,29,19.8566951751709,0.7963535893708468,164
26,84,13.539377212524414,0.6512598764151335,127
26,9,28.838665008544922,0.7611825369298458,145
26,26,18.246084213256836,0.7735515158623457,164
26,70,21.396556854248047,0.8230387415736914,162
26,29,19.8566951751709,0.8069370962679386,164
27,51,13.539377212524414,0.7204785659909249,135
27,73,28.838665008544922,0.717921306937933,155
27,35,18.246084213256836,0.7784111142158509,147
27,50,19.8566951751709,0.7865816909819842,157
27,37,21.396556854248047,0.8223220534622669,164
28,75,18.246084213256836,0.7636459987610579,153
28,21,13.539377212524414,0.7501606583595276,151
28,69,39.113006591796875,0.7825775198638439,161
28,20,28.838665008544922,0.7736126981675625,144
28,6,19.8566951751709,0.874594870582223,163
29,99,39.113006591796875,0.746820218488574,160
29,60,21.907190322875977,0.7982608076184988,162
29,90,19.8566951751709,0.8515471998602152,162
29,25,28.838665008544922,0.8074050467461348,162
29,26,18.246084213256836,0.8212991707026959,164
30,13,39.113006591796875,0.7148151356726885,144
30,16,21.907190322875977,0.8020870178937912,164
30,39,28.838665008544922,0.7873079475015402,165
30,61,19.8566951751709,0.8001740049570799,153
30,86,18.246084213256836,0.832757992297411,158
31,61,28.838665008544922,0.7362293168902397,153
31,11,18.246084213256836,0.7864667173475027,153
31,94,19.8566951751709,0.7924863524734974,159
31,39,39.113006591796875,0.807385477796197,165
31,50,21.907190322875977,0.8263255074620247,157
32,95,18.246084213256836,0.7438266906887293,158
32,8,21.907190322875977,0.7690646551549435,141
32,88,20.99093246459961,0.7755899779498577,162
32,16,28.838665008544922,0.9054693371057511,164
32,67,39.113006591796875,0.9296444837003947,226
33,64,20.99093246459961,0.7013358525931835,140
33,54,21.907190322875977,0.7065585512667895,136
33,66,39.113006591796875,0.771595649048686,162
33,85,18.246084213256836,0.8226744268089533,155
33,89,28.838665008544922,1.0702295169234275,246
34,13,20.99093246459961,0.7123305328190327,144
34,8,39.113006591796875,0.7044739160686732,141
34,79,21.907190322875977,0.7027282226830721,141
34,21,28.838665008544922,0.751501265540719,151
34,43,18.246084213256836,0.8139674101024866,160
35,10,28.838665008544922,0.7442504275590182,149
35,66,39.113006591796875,0.7766287546604872,162
35,19,20.99093246459961,0.8017062187194824,144
35,11,21.907190322875977,0.7757120668888092,153
35,34,18.246084213256836,1.1661281023174523,309
36,83,39.113006591796875,0.719246631115675,160
36,87,21.907190322875977,0.7230138346552849,160
36,5,28.838665008544922,0.7799617011100054,162
36,92,18.246084213256836,0.7846567291766405,163
36,43,20.99093246459961,0.7999875783920288,160
37,7,21.907190322875977,0.7104919474571944,159
37,17,20.99093246459961,0.7420751169323921,160
37,15,28.838665008544922,0.7854585941880942,144
37,28,39.113006591796875,0.7952075839042664,153
37,35,18.246084213256836,0.7693066705018282,147
38,28,39.113006591796875,0.7423613328486681,153
38,10,20.99093246459961,0.750143251940608,149
38,50,21.907190322875977,0.7827157150954008,157
38,21,18.246084213256836,0.7738469853997231,151
38,90,28.838665008544922,0.8428362846374512,162
39,54,20.99093246459961,0.6607545461505652,136
39,21,28.838665008544922,0.7394057489931584,151
39,35,18.246084213256836,0.7266534879803658,147
39,48,21.907190322875977,0.7721910286694765,159
39,81,39.113006591796875,0.8276144616305828,153
40,73,28.838665008544922,0.7197457566857338,155
40,91,18.246084213256836,0.7599113076925278,162
40,86,39.113006591796875,0.8145648013800383,158
40,66,20.99093246459961,0.8146745167672634,162
40,1,21.907190322875977,0.8991071596741677,221
41,50,20.99093246459961,0.6949275393038988,157
41,72,39.113006591796875,0.7465832471847534,158
41,8,18.246084213256836,0.742898054048419,141
41,19,28.838665008544922,0.7389573562890291,144
41,36,21.907190322875977,0.7686527479439974,162
42,64,21.907190322875977,0.6883602716028691,140
42,71,28.838665008544922,0.7066430408507586,144
42,24,39.113006591796875,0.7372305687516928,146
42,58,30.0769100189209,0.7269781824201346,130
42,25,18.246084213256836,0.8250349774956703,162
43,75,28.838665008544922,0.757183987274766,153
43,21,21.907190322875977,0.7424447141587734,151
43,8,18.246084213256836,0.7646654319018126,141
43,91,39.113006591796875,0.773560156673193,162
43,73,30.0769100189209,0.7912854604423046,155
44,8,39.113006591796875,0.6946700192987919,141
44,24,28.838665008544922,0.7254462629556656,146
44,30,21.907190322875977,0.7189019728451967,150
44,21,18.246084213256836,0.7819219768047333,151
44,56,30.0769100189209,1.011013900488615,250
45,12,18.246084213256836,0.6212614081799984,118
45,64,39.113006591796875,0.7079945594072342,140
45,4,21.907190322875977,0.7339746706187725,159
45,8,28.838665008544922,0.7329853303730488,141
45,77,30.0769100189209,0.7862788155674935,162
46,71,39.113006591796875,0.767664871737361,144
46,59,18.246084213256836,0.7399191908538342,159
46,50,28.838665008544922,0.7472002763301134,157
46,25,30.0769100189209,0.8160817041993141,162
46,25,21.907190322875977,0.8602453522384167,162
47,51,18.246084213256836,0.6882194183766842,135
47,8,28.838665008544922,0.7210164736956358,141
47,43,30.0769100189209,0.7930769991129637,160
47,30,21.907190322875977,0.7906670566648245,150
47,34,39.113006591796875,1.1878234703093766,309
48,48,30.0769100189209,0.7981901090592146,159
48,90,23.840621948242188,0.8457347020506859,162
48,68,28.889089584350586,0.8499277397990227,162
48,36,24.01530647277832,0.8723284896463156,162
48,34,39.113006591796875,1.1977568730711936,309
49,13,39.113006591796875,0.7453695513308048,144
49,26,24.01530647277832,0.7618313036859036,164
49,3,28.889089584350586,0.7955480940639973,165
49,90,23.840621948242188,0.8247994162142277,162
49,61,30.0769100189209,0.839685357734561,153
50,71,28.889089584350586,0.7252512942999602,144
50,42,24.01530647277832,0.7455218803137541,156
50,38,23.840621948242188,0.76844552308321,162
50,6,39.113006591796875,0.7952573817223311,163
50,89,30.0769100189209,1.0887011136859654,246
51,13,28.889089584350586,0.7064783569425345,144
51,86,39.113006591796875,0.7405002802610398,158
51,15,24.01530647277832,0.743484403565526,144
51,42,23.840621948242188,0.7923616074025631,156
51,23,30.0769100189209,0.8914280772209168,198
52,8,24.01530647277832,0.6915625218302012,141
52,15,23.840621948242188,0.7620280753821135,144
52,86,30.0769100189209,0.7379658050835133,158
52,29,39.113006591796875,0.797521659731865,164
52,63,28.889089584350586,0.7662475105375052,154
53,18,30.0769100189209,0.7216297533363104,140
53,96,28.889089584350586,0.7434556536376477,137
53,35,39.113006591796875,0.7401942700147629,147
53,40,24.01530647277832,0.8005514867603779,155
53,82,23.840621948242188,0.8084323551505804,162
54,15,24.01530647277832,0.6697632350027561,144
54,14,39.113006591796875,0.8051566850394011,154
54,16,28.889089584350586,0.8084609039127827,164
54,16,30.0769100189209,0.7805472534149885,164
54,56,23.840621948242188,1.018571138009429,250
55,24,28.889089584350586,0.7155804518610239,146
55,70,23.840621948242188,0.786841718107462,162
55,5,24.01530647277832,0.7646573591977358,162
55,40,39.113006591796875,0.8274196028709412,155
55,29,30.0769100189209,0.8940423704683781,164
56,80,24.01530647277832,0.6858046684414149,154
56,13,23.840621948242188,0.7165448531508446,144
56,72,39.113006591796875,0.7400113563984633,158
56,77,30.0769100189209,0.7899208940565586,162
56,8,28.889089584350586,0.8097522385418415,141
57,92,23.840621948242188,0.7924703281372786,163
57,49,30.0769100189209,0.7621419481933117,160
57,3,39.113006591796875,0.826775798201561,165
57,82,24.01530647277832,0.8275601543486119,162
57,3,28.889089584350586,0.8670195337384939,165
58,9,30.0769100189209,0.696894671395421,145
58,97,28.889089584350586,0.7399661891162396,158
58,50,23.840621948242188,0.7768356963992119,157
58,69,54.67084503173828,0.7851750306785107,161
58,95,39.113006591796875,0.8235701654106379,158
59,51,23.840621948242188,0.6873753570020199,135
59,18,39.113006591796875,0.7508149329572916,140
59,25,54.67084503173828,0.8241498280316591,162
59,56,30.0769100189209,1.006103803962469,250
59,34,28.889089584350586,1.1979889195412396,309
60,58,28.889089584350586,0.6722692750394345,130
60,46,54.67084503173828,0.7531339913606644,134
60,73,39.113006591796875,0.760237967222929,155
60,27,23.840621948242188,0.7748749755322933,162
60,70,30.0769100189209,0.8313765969127417,162
61,88,28.889089584350586,0.7384370468556881,162
61,85,30.0769100189209,0.759471794217825,155
61,62,39.113006591796875,0.8272387996315956,156
61,91,23.840621948242188,0.8362174700945616,162
61,16,54.67084503173828,0.9187597628682852,164
62,9,39.113006591796875,0.7059691768139601,145
62,47,23.840621948242188,0.7894705437123776,161
62,29,30.0769100189209,0.7986532483249903,164
62,22,54.67084503173828,0.8155404008924961,161
62,1,28.889089584350586,0.9381874088197947,221
63,82,30.0769100189209,0.7183627612888813,162
63,50,54.67084503173828,0.8057495798915625,157
63,29,28.889089584350586,0.7863783236593008,164
63,68,23.840621948242188,0.8533935133367777,162
63,77,39.113006591796875,0.8633167441934347,162
64,96,30.0769100189209,0.7071879874914885,137
64,2,23.840621948242188,0.7338966872543097,153
64,59,39.113006591796875,0.7633807059377432,159
64,82,54.67084503173828,0.883376881107688,162
64,34,28.889089584350586,1.1883632164448499,309
65,54,30.0769100189209,0.6834812123328448,136
65,20,28.889089584350586,0.717569836974144,144
65,8,54.67084503173828,0.6950893677771092,141
65,13,39.113006591796875,0.7468021880835295,144
65,25,23.840621948242188,0.8208523277193308,162
66,21,54.67084503173828,0.7252502419054508,151
66,76,39.113006591796875,0.8100899714976549,163
66,44,30.0769100189209,0.8259003289043904,166
66,98,28.889089584350586,0.8321722369641066,160
66,27,23.840621948242188,0.8559986926615238,162
67,51,54.67084503173828,0.6850766722112894,135
67,32,30.0769100189209,0.7240006770938635,161
67,75,39.113006591796875,0.7450138755142689,153
67,85,23.840621948242188,0.7847709111869335,155
67,25,28.889089584350586,0.8388404786586762,162
68,20,23.840621948242188,0.7066378813236952,144
68,33,39.113006591796875,0.7517644330859184,160
68,28,54.67084503173828,0.7429424744099379,153
68,80,28.889089584350586,0.7662886638194323,154
68,77,30.0769100189209,0.7474460262805224,162
69,3,39.113006591796875,0.7266546297818423,165
69,59,23.840621948242188,0.7760684039443732,159
69,94,54.67084503173828,0.737374771013856,159
69,90,28.889089584350586,0.8553262386471033,162
69,1,30.0769100189209,0.9284364577382803,221
70,40,23.840621948242188,0.6918690741062165,155
70,35,30.0769100189209,0.6957996539771557,147
70,61,54.67084503173828,0.748884915933013,153
70,31,28.889089584350586,0.7607984688133002,148
70,60,39.113006591796875,0.8204068221151829,162
71,15,23.840621948242188,0.7484349921345711,144
71,50,39.113006591796875,0.7521573711186648,157
71,31,54.67084503173828,0.768061887100339,148
71,25,30.0769100189209,0.7758214414119721,162
71,8,28.889089584350586,0.7939827866852284,141
72,46,23.840621948242188,0.7190139513462782,134
72,51,54.67084503173828,0.7210102841258049,135
72,19,39.113006591796875,0.7556947056204081,144
72,85,30.0769100189209,0.7451459370553494,155
72,59,28.889089584350586,0.8046881645917893,159
73,96,54.67084503173828,0.6759240474551916,137
73,31,39.113006591796875,0.7271781411021948,148
73,20,28.889089584350586,0.7953515775501728,144
73,38,30.0769100189209,0.822119764611125,162
73,88,23.840621948242188,0.8531344920396805,162
74,48,39.113006591796875,0.7209343012422323,159
74,55,28.889089584350586,0.7963581882417202,162
74,39,23.840621948242188,0.7896930348128081,165
74,16,30.0769100189209,0.8132457915693522,164
74,60,54.67084503173828,0.8340347945690155,162
75,20,54.67084503173828,0.7059243299067021,144
75,72,39.113006591796875,0.7461409937590361,158
75,30,23.840621948242188,0.7348224777728319,150
75,97,30.0769100189209,0.7831277340650559,158
75,22,28.889089584350586,0.8399416074156761,161
76,46,54.67084503173828,0.6946171518415213,134
76,85,39.113006591796875,0.7095815218985081,155
76,64,30.0769100189209,0.6970600798726082,140
76,86,28.889089584350586,0.818788742274046,158
76,67,28.083328247070312,0.953134536370635,226
77,46,39.113006591796875,0.7921850305050612,134
77,48,28.083328247070312,0.7631823156028986,159
77,27,30.0769100189209,0.8159902948886156,162
77,16,54.67084503173828,0.8155819062143564,164
77,89,28.889089584350586,1.0407416854053735,246
78,12,30.0769100189209,0.6272536959499121,118
78,30,28.083328247070312,0.7134929109364748,150
78,77,39.113006591796875,0.7702729996293783,162
78,66,54.67084503173828,0.7791424371302128,162
78,57,28.889089584350586,0.8174387119710446,155
79,73,28.889089584350586,0.7583595156669617,155
79,14,30.0769100189209,0.7427204582840204,154
79,87,54.67084503173828,0.7409490995109081,160
79,17,28.083328247070312,0.7709506299346686,160
79,77,39.113006591796875,0.7682001531124115,162
80,18,28.083328247070312,0.6997666653245688,140
80,33,30.0769100189209,0.7527003098279238,160
80,28,39.113006591796875,0.8115319382399321,153
80,42,28.889089584350586,0.7956387490034104,156
80,33,54.67084503173828,0.7884840402752161,160
81,64,28.083328247070312,0.6872640248388052,140
81,82,39.113006591796875,0.781310498341918,162
81,19,28.889089584350586,0.7651819732040167,144
81,24,30.0769100189209,0.7934753891080618,146
81,76,54.67084503173828,0.804689684510231,163
82,46,28.889089584350586,0.69875941388309,134
82,83,30.0769100189209,0.7087315373122692,160
82,13,39.113006591796875,0.7288637083023787,144
82,14,28.083328247070312,0.7337459433823824,154
82,87,54.67084503173828,0.7293661344796419,160
83,58,28.083328247070312,0.6782135363668204,130
83,15,30.0769100189209,0.7068812601268292,144
83,26,54.67084503173828,0.7389030303806067,164
83,5,28.889089584350586,0.7836961500346661,162
83,49,39.113006591796875,0.8181880746036768,160
84,81,28.083328247070312,0.767790387943387,153
84,22,30.0769100189209,0.7502927534282208,161
84,4,28.889089584350586,0.7866531923413277,159
84,95,54.67084503173828,0.7795412909239531,158
84,93,39.113006591796875,0.8445607084780932,156
85,28,54.67084503173828,0.7025888912379742,153
85,33,28.889089584350586,0.7170166555792093,160
85,46,28.083328247070312,0.7537449296563864,134
85,75,30.0769100189209,0.749934034049511,153
85,20,39.113006591796875,0.8404721073806286,144
86,79,54.67084503173828,0.7081285450607538,141
86,99,30.0769100189209,0.7234631922096014,160
86,62,39.113006591796875,0.7944983631372452,156
86,66,28.889089584350586,0.7716820273548365,162
86,50,28.083328247070312,0.8231821894645691,157
87,72,28.889089584350586,0.7473061006516218,158
87,14,28.083328247070312,0.7577575068920851,154
87,98,30.0769100189209,0.7582603391259909,160
87,97,54.67084503173828,0.8065957721322775,158
87,29,39.113006591796875,0.8456912856549025,164
88,40,39.113006591796875,0.7718069233000279,155
88,66,54.67084503173828,0.8235179647803307,162
88,39,28.083328247070312,0.8183449912816286,165
88,77,28.889089584350586,0.8496011305600405,162
88,88,30.0769100189209,0.8363394901156426,162
89,95,39.113006591796875,0.7483364339917898,158
89,82,54.67084503173828,0.7496993370354176,162
89,82,28.083328247070312,0.7731614407151938,162
89,52,30.0769100189209,0.7965831566601992,162
89,3,28.889089584350586,0.8491356573998928,165
90,58,28.889089584350586,0.6827678490430117,130
90,10,54.67084503173828,0.7166765421628952,149
90,59,39.113006591796875,0.7535237479954958,159
90,13,28.083328247070312,0.771198108419776,144
90,75,30.0769100189209,0.8048540629446507,153
91,64,54.67084503173828,0.701639961078763,140
91,58,28.889089584350586,0.7346011824905873,130
91,17,39.113006591796875,0.7801906984299422,160
91,5,30.0769100189209,0.7831189945340157,162
91,47,28.083328247070312,0.8379049818962813,161
92,24,28.889089584350586,0.748367527127266,146
92,21,30.0769100189209,0.749739732220769,151
92,74,54.67084503173828,0.7990790024399758,164
92,90,28.083328247070312,0.839634395763278,162
92,56,39.113006591796875,1.030385024473071,250
93,84,54.67084503173828,0.6407487835735083,127
93,51,28.889089584350586,0.678473298996687,135
93,10,28.083328247070312,0.7093679286539555,149
93,24,30.0769100189209,0.7343794140964747,146
93,95,39.113006591796875,0.802851440012455,158
94,42,54.67084503173828,0.8077617470175028,156
94,38,28.083328247070312,0.839654877409339,162
94,23,30.0769100189209,0.9207219738513231,198
94,89,39.113006591796875,1.1033611927181481,246
94,34,28.889089584350586,1.2127538580447434,309
95,72,28.889089584350586,0.7217766731977463,158
95,43,28.083328247070312,0.7579907100647688,160
95,98,30.0769100189209,0.7593990616500378,160
95,80,54.67084503173828,0.8000807236880064,154
95,44,39.113006591796875,0.8506280347704888,166
96,64,28.083328247070312,0.7186305612325669,140
96,14,54.67084503173828,0.7021781276911497,154
96,55,28.889089584350586,0.7769018575549126,162
96,75,30.0769100189209,0.8010280165821314,153
96,65,39.113006591796875,0.8476849101483822,162
97,64,30.0769100189209,0.7416918925940991,140
97,62,39.113006591796875,0.7496338222175837,156
97,42,28.889089584350586,0.7600212763994932,156
97,42,28.083328247070312,0.7968914300203324,156
97,37,54.67084503173828,0.8199935235083103,164
98,66,54.67084503173828,0.740019553899765,162
98,86,28.889089584350586,0.7979135565459728,158
98,26,28.083328247070312,0.7826731778681278,164
98,5,30.0769100189209,0.8886886645108462,162
98,56,39.113006591796875,1.024694600701332,250
99,86,39.113006591796875,0.7721074014902115,158
99,70,54.67084503173828,0.8344387911260128,162
99,83,28.889089584350586,0.8441370703279972,160
99,23,30.0769100189209,0.9224552862346173,198
99,89,28.083328247070312,1.0419811453670262,246
100,72,28.889089584350586,0.7394598886370659,158
100,83,28.083328247070312,0.7245086632668972,160
100,31,39.113006591796875,0.7691205326467753,148
100,10,54.67084503173828,0.7352238442748785,149
100,10,30.0769100189209,0.7758944049477577,149
101,87,39.113006591796875,0.7314552698284388,160
101,81,28.083328247070312,0.7458864148706198,153
101,57,28.889089584350586,0.7669830337166786,155
101,5,30.0769100189209,0.7791378419846297,162
101,72,54.67084503173828,0.810439781844616,158
102,46,54.67084503173828,0.6864417340606451,134
102,21,39.113006591796875,0.7352770358324051,151
102,21,28.083328247070312,0.7469379656016827,151
102,64,28.889089584350586,0.7682618662714958,140
102,98,30.0769100189209,0.8432651400566101,160
103,75,54.67084503173828,0.6898301649838686,153
103,84,39.113006591796875,0.7289697598665953,127
103,73,28.083328247070312,0.7434886019676924,155
103,49,30.0769100189209,0.7664075173437596,160
103,66,28.889089584350586,0.8072751738131047,162
104,31,39.113006591796875,0.711447786167264,148
104,84,54.67084503173828,0.7180462270975113,127
104,3,28.083328247070312,0.7626191057264805,165
104,75,30.0769100189209,0.777221267670393,153
104,55,28.889089584350586,0.7638519514352083,162
105,18,30.0769100189209,0.6716516852378845,140
105,18,39.113006591796875,0.7166907783597708,140
105,57,28.889089584350586,0.7247106894850731,155
105,99,28.083328247070312,0.7783059138804674,160
105,75,54.67084503173828,0.8020142070949078,153
106,58,28.889089584350586,0.6850767318159342,130
106,9,39.113006591796875,0.7383203204721213,145
106,18,30.0769100189209,0.7314378317445517,140
106,90,54.67084503173828,0.7899089526385069,162
106,67,28.083328247070312,0.9411021634936333,226
107,11,30.0769100189209,0.6887506075203419,153
107,63,39.113006591796875,0.7683923799544573,154
107,27,54.67084503173828,0.791054593026638,162
107,48,28.083328247070312,0.7856105040758848,159
107,75,28.889089584350586,0.8302544221282006,153
108,80,28.889089584350586,0.737110472843051,154
108,81,54.67084503173828,0.7462593276053667,153
108,65,30.0769100189209,0.7621724415570498,162
108,30,28.083328247070312,0.7745789770036936,150
108,40,39.113006591796875,0.8193323478102684,155
109,12,39.113006591796875,0.6578242290765047,118
109,21,54.67084503173828,0.6936936970800162,151
109,62,28.083328247070312,0.7267151080071926,156
109,55,30.0769100189209,0.7643792122602463,162
109,93,28.889089584350586,0.831843226775527,156
110,49,28.083328247070312,0.7298741914331913,160
110,90,54.67084503173828,0.775481940805912,162
110,9,30.0769100189209,0.7715236727148295,145
110,17,39.113006591796875,0.7971349094063044,160
110,60,28.889089584350586,0.8115004688501358,162
111,96,28.083328247070312,0.6480250932276249,137
111,9,54.67084503173828,0.69874387383461,145
111,28,39.113006591796875,0.7316900823265314,153
111,50,28.889089584350586,0.7536979369819164,157
111,50,30.0769100189209,0.7779379148036242,157
112,51,39.113006591796875,0.6951918933540583,135
112,55,54.67084503173828,0.7867023922502995,162
112,80,30.0769100189209,0.845854727178812,154
112,82,28.083328247070312,0.8961654413491488,162
112,34,28.889089584350586,1.2031310215592383,309
113,84,39.113006591796875,0.6446909360587597,127
113,42,54.67084503173828,0.7572325762361288,156
113,44,30.0769100189209,0.768256064131856,166
113,37,28.083328247070312,0.7741929288953543,164
113,5,28.889089584350586,0.8458296094089747,162
114,81,39.113006591796875,0.7381728306412697,153
114,11,28.889089584350586,0.7703674785792828,153
114,49,28.083328247070312,0.789546986669302,160
114,44,54.67084503173828,0.792280213534832,166
114,31,30.0769100189209,0.7846524078398943,148
115,13,30.0769100189209,0.675399012491107,144
115,8,54.67084503173828,0.7221678454428911,141
115,28,39.113006591796875,0.756230940669775,153
115,52,28.889089584350586,0.7303271066397429,162
115,96,28.083328247070312,0.7490232769399882,137
116,33,39.113006591796875,0.7677340131253004,160
116,55,28.889089584350586,0.7793860394507647,162
116,97,30.0769100189209,0.788240309432149,158
116,6,28.083328247070312,0.8009897895157337,163
116,86,54.67084503173828,0.819442655518651,158
117,40,39.113006591796875,0.7902502823621035,155
117,26,54.67084503173828,0.7658902551978827,164
117,32,28.083328247070312,0.8091551266610623,161
117,95,30.0769100189209,0.8187214821577072,158
117,94,28.889089584350586,0.8241420067846775,159
118,85,39.113006591796875,0.7320230524986983,155
118,21,54.67084503173828,0.7015265110880137,151
118,49,30.0769100189209,0.7329353649169207,160
118,40,28.083328247070312,0.7244024645537138,155
118,17,28.889089584350586,0.8365388806909323,160
119,58,39.113006591796875,0.6708194013684988,130
119,59,54.67084503173828,0.7282228354364634,159
119,22,61.97279739379883,0.7814040832221508,161
119,69,65.58002471923828,0.7878207877278328,161
119,30,28.889089584350586,0.815707889944315,150
120,30,28.889089584350586,0.7313787654042244,150
120,51,39.113006591796875,0.7037884794175625,135
120,14,61.97279739379883,0.7632405977696181,154
120,72,54.67084503173828,0.76097651720047,158
120,95,65.58002471923828,0.7877215627580881,158
121,96,39.113006591796875,0.7276368360966444,137
121,73,65.58002471923828,0.7186822570860386,155
121,7,28.889089584350586,0.7651573471724987,159
121,96,61.97279739379883,0.7908105697482825,137
121,88,54.67084503173828,0.775925038009882,162
122,54,28.889089584350586,0.7411702178418637,136
122,15,65.58002471923828,0.7113435003906489,144
122,63,54.67084503173828,0.7588570039719343,154
122,32,39.113006591796875,0.8119972232729197,161
122,85,61.97279739379883,0.8158150274306536,155
123,20,28.889089584350586,0.7519387636333704,144
123,98,54.67084503173828,0.748443428054452,160
123,5,65.58002471923828,0.7774347640573979,162
123,97,61.97279739379883,0.7888174444437027,158
123,29,39.113006591796875,0.8045533016324043,164
124,64,54.67084503173828,0.7027699757367373,140
124,95,39.113006591796875,0.712438627704978,158
124,94,28.889089584350586,0.7417252935469151,159
124,7,61.97279739379883,0.788726532459259,159
124,49,65.58002471923828,0.8734166990965605,160
125,35,61.97279739379883,0.6819724399596453,147
125,81,28.889089584350586,0.7317994233220816,153
125,88,39.113006591796875,0.7957912996411324,162
125,45,54.67084503173828,0.8683047737926245,192
125,39,65.58002471923828,0.8648288935422898,165
126,12,65.58002471923828,0.6263675127178431,118
126,51,54.67084503173828,0.6943100798875094,135
126,36,39.113006591796875,0.7597365114837885,162
126,3,61.97279739379883,0.8710871782153845,165
126,1,28.889089584350586,0.9509485229849816,221
127,44,39.113006591796875,0.7617585115134716,166
127,86,54.67084503173828,0.791883010044694,158
127,53,28.889089584350586,0.7796335346996784,155
127,43,61.97279739379883,0.7989575766026974,160
127,5,65.58002471923828,0.82392598092556,162
128,79,54.67084503173828,0.7373772595077753,141
128,87,61.97279739379883,0.7259162865579128,160
128,96,39.113006591796875,0.7889825027436018,137
128,8,28.889089584350586,0.7624342307448387,141
128,21,65.58002471923828,0.7675463292747736,151
129,11,39.113006591796875,0.7699128106236458,153
129,61,28.889089584350586,0.7506682626903057,153
129,49,54.67084503173828,0.7333119936287403,160
129,86,65.58002471923828,0.7841310571879149,158
129,65,61.97279739379883,0.8227552432566881,162
130,32,65.58002471923828,0.7638819418847561,161
130,44,54.67084503173828,0.7630809411406517,166
130,66,39.113006591796875,0.7844919838011265,162
130,94,28.889089584350586,0.8378446359187365,159
130,67,61.97279739379883,1.0481843702495097,226
131,12,61.97279739379883,0.623624037578702,118
131,18,65.58002471923828,0.6853002399206162,140
131,29,39.113006591796875,0.7547455649822951,164
131,82,54.67084503173828,0.8528252203017473,162
131,56,28.889089584350586,0.9897126197814942,250
132,98,39.113006591796875,0.7590763881802559,160
132,59,54.67084503173828,0.7991584796458483,159
132,25,65.58002471923828,0.8231529161334038,162
132,62,61.97279739379883,0.8380145817995072,156
132,16,28.889089584350586,0.85530766248703,164
133,81,54.67084503173828,0.6678982838988304,153
133,93,39.113006591796875,0.7727485034614802,156
133,95,65.58002471923828,0.755299698188901,158
133,85,28.889089584350586,0.8003108981996775,155
133,45,61.97279739379883,0.9065812598913908,192
134,21,65.58002471923828,0.6978630252182484,151
134,75,54.67084503173828,0.7423773068934679,153
134,73,28.889089584350586,0.7799200188368559,155
134,89,61.97279739379883,1.0223891712725162,246
134,34,39.113006591796875,1.3264979865401982,309
